1;1;USB missile launcher (Green);Novelty Items;Non défini;Standard;0.300
2;2;USB rocket launcher (Gray);Novelty Items;Steel Gray;Standard;0.300
3;3;Office cube periscope (Black);Novelty Items;Black;Standard;0.250
4;4;USB food flash drive - sushi roll;Novelty Items;Non défini;Standard;0.050
5;5;USB food flash drive - hamburger;Novelty Items;Non défini;Standard;0.050
6;6;USB food flash drive - hot dog;Novelty Items;Non défini;Standard;0.050
7;7;USB food flash drive - pizza slice;Novelty Items;Non défini;Standard;0.050
8;8;USB food flash drive - dim sum 10 drive variety pack;Novelty Items;Non défini;Standard;0.500
9;9;USB food flash drive - banana;Novelty Items;Non défini;Standard;0.050
10;10;USB food flash drive - chocolate bar;Novelty Items;Non défini;Standard;0.050
11;11;USB food flash drive - cookie;Novelty Items;Non défini;Standard;0.050
12;12;USB food flash drive - donut;Novelty Items;Non défini;Standard;0.050
13;13;USB food flash drive - shrimp cocktail;Novelty Items;Non défini;Standard;0.050
14;14;USB food flash drive - fortune cookie;Novelty Items;Non défini;Standard;0.050
15;15;USB food flash drive - dessert 10 drive variety pack;Novelty Items;Non défini;Standard;0.500
16;16;DBA joke mug - mind if I join you? (White);Novelty Items;White;Standard;0.150
17;17;DBA joke mug - mind if I join you? (Black);Novelty Items;Black;Standard;0.150
18;18;DBA joke mug - daaaaaa-ta (White);Novelty Items;White;Standard;0.150
19;19;DBA joke mug - daaaaaa-ta (Black);Novelty Items;Black;Standard;0.150
20;20;DBA joke mug - you might be a DBA if (White);Novelty Items;White;Standard;0.150
21;21;DBA joke mug - you might be a DBA if (Black);Novelty Items;Black;Standard;0.150
22;22;DBA joke mug - it depends (White);Novelty Items;White;Standard;0.150
23;23;DBA joke mug - it depends (Black);Novelty Items;Black;Standard;0.150
24;24;DBA joke mug - I will get you in order (White);Novelty Items;White;Standard;0.150
25;25;DBA joke mug - I will get you in order (Black);Novelty Items;Black;Standard;0.150
26;26;DBA joke mug - SELECT caffeine FROM mug (White);Novelty Items;White;Standard;0.150
27;27;DBA joke mug - SELECT caffeine FROM mug (Black);Novelty Items;Black;Standard;0.150
28;28;DBA joke mug - two types of DBAs (White);Novelty Items;White;Standard;0.150
29;29;DBA joke mug - two types of DBAs (Black);Novelty Items;Black;Standard;0.150
30;30;Developer joke mug - Oct 31 = Dec 25 (White);Novelty Items;White;Standard;0.150
31;31;Developer joke mug - Oct 31 = Dec 25 (Black);Novelty Items;Black;Standard;0.150
32;32;Developer joke mug - that's a hardware problem (White);Novelty Items;White;Standard;0.150
33;33;Developer joke mug - that's a hardware problem (Black);Novelty Items;Black;Standard;0.150
34;34;Developer joke mug - fun was unexpected at this time (White);Novelty Items;White;Standard;0.150
35;35;Developer joke mug - fun was unexpected at this time (Black);Novelty Items;Black;Standard;0.150
36;36;Developer joke mug - when your hammer is C++ (White);Novelty Items;White;Standard;0.150
37;37;Developer joke mug - when your hammer is C++ (Black);Novelty Items;Black;Standard;0.150
38;38;Developer joke mug - inheritance is the OO way to become wealthy (White);Novelty Items;White;Standard;0.150
39;39;Developer joke mug - inheritance is the OO way to become wealthy (Black);Novelty Items;Black;Standard;0.150
40;40;Developer joke mug - (hip, hip, array) (White);Novelty Items;White;Standard;0.150
41;41;Developer joke mug - (hip, hip, array) (Black);Novelty Items;Black;Standard;0.150
42;42;Developer joke mug - understanding recursion requires understanding recursion (White);Novelty Items;White;Standard;0.150
43;43;Developer joke mug - understanding recursion requires understanding recursion (Black);Novelty Items;Black;Standard;0.150
44;44;Developer joke mug - there are 10 types of people in the world (White);Novelty Items;White;Standard;0.150
45;45;Developer joke mug - there are 10 types of people in the world (Black);Novelty Items;Black;Standard;0.150
46;46;Developer joke mug - a foo walks into a bar (White);Novelty Items;White;Standard;0.150
47;47;Developer joke mug - a foo walks into a bar (Black);Novelty Items;Black;Standard;0.150
48;48;Developer joke mug - this code was generated by a tool (White);Novelty Items;White;Standard;0.150
49;49;Developer joke mug - this code was generated by a tool (Black);Novelty Items;Black;Standard;0.150
50;50;Developer joke mug - old C developers never die (White);Novelty Items;White;Standard;0.150
51;51;Developer joke mug - old C developers never die (Black);Novelty Items;Black;Standard;0.150
52;52;IT joke mug - keyboard not found … press F1 to continue (White);Novelty Items;White;Standard;0.150
53;53;IT joke mug - keyboard not found … press F1 to continue (Black);Novelty Items;Black;Standard;0.150
54;54;IT joke mug - that behavior is by design (White);Novelty Items;White;Standard;0.150
55;55;IT joke mug - that behavior is by design (Black);Novelty Items;Black;Standard;0.150
56;56;IT joke mug - hardware: part of the computer that can be kicked (White);Novelty Items;White;Standard;0.150
57;57;IT joke mug - hardware: part of the computer that can be kicked (Black);Novelty Items;Black;Standard;0.150
58;58;RC toy sedan car with remote control (Black) 1/50 scale;Novelty Items;Black;1/50 scale;1.500
59;59;RC toy sedan car with remote control (Red) 1/50 scale;Novelty Items;Red;1/50 scale;1.500
60;60;RC toy sedan car with remote control (Blue) 1/50 scale;Novelty Items;Blue;1/50 scale;1.500
61;61;RC toy sedan car with remote control (Green) 1/50 scale;Novelty Items;Non défini;1/50 scale;1.500
62;62;RC toy sedan car with remote control (Yellow) 1/50 scale;Novelty Items;Yellow;1/50 scale;1.500
63;63;RC toy sedan car with remote control (Pink) 1/50 scale;Novelty Items;Non défini;1/50 scale;1.500
64;64;RC vintage American toy coupe with remote control (Red) 1/50 scale;Novelty Items;Red;1/50 scale;1.700
65;65;RC vintage American toy coupe with remote control (Black) 1/50 scale;Novelty Items;Black;1/50 scale;1.700
66;66;RC big wheel monster truck with remote control (Black) 1/50 scale;Novelty Items;Black;1/50 scale;1.800
67;67;Ride on toy sedan car (Black) 1/12 scale;Novelty Items;Black;1/12 scale;15.000
68;68;Ride on toy sedan car (Red) 1/12 scale;Novelty Items;Red;1/12 scale;15.000
69;69;Ride on toy sedan car (Blue) 1/12 scale;Novelty Items;Blue;1/12 scale;15.000
70;70;Ride on toy sedan car (Green) 1/12 scale;Novelty Items;Non défini;1/12 scale;15.000
71;71;Ride on toy sedan car (Yellow) 1/12 scale;Novelty Items;Yellow;1/12 scale;15.000
72;72;Ride on toy sedan car (Pink) 1/12 scale;Novelty Items;Non défini;1/12 scale;15.000
73;73;Ride on vintage American toy coupe (Red) 1/12 scale;Novelty Items;Red;1/12 scale;18.000
74;74;Ride on vintage American toy coupe (Black) 1/12 scale;Novelty Items;Black;1/12 scale;18.000
75;75;Ride on big wheel monster truck (Black) 1/12 scale;Novelty Items;Black;1/12 scale;21.000
76;76;"""The Gu"" red shirt XML tag t-shirt (White) 3XS";Clothing;White;3XS;0.250
77;77;"""The Gu"" red shirt XML tag t-shirt (White) XXS";Clothing;White;XXS;0.250
78;78;"""The Gu"" red shirt XML tag t-shirt (White) XS";Clothing;White;XS;0.250
79;79;"""The Gu"" red shirt XML tag t-shirt (White) S";Clothing;White;S;0.300
80;80;"""The Gu"" red shirt XML tag t-shirt (White) M";Clothing;White;M;0.350
81;81;"""The Gu"" red shirt XML tag t-shirt (White) L";Clothing;White;L;0.350
82;82;"""The Gu"" red shirt XML tag t-shirt (White) XL";Clothing;White;XL;0.350
83;83;"""The Gu"" red shirt XML tag t-shirt (White) XXL";Clothing;White;XXL;0.400
84;84;"""The Gu"" red shirt XML tag t-shirt (White) 3XL";Clothing;White;3XL;0.400
85;85;"""The Gu"" red shirt XML tag t-shirt (White) 4XL";Clothing;White;4XL;0.400
86;86;"""The Gu"" red shirt XML tag t-shirt (White) 5XL";Clothing;White;5XL;0.400
87;87;"""The Gu"" red shirt XML tag t-shirt (White) 6XL";Clothing;White;6XL;0.400
88;88;"""The Gu"" red shirt XML tag t-shirt (White) 7XL";Clothing;White;7XL;0.450
89;89;"""The Gu"" red shirt XML tag t-shirt (Black) 3XS";Clothing;Black;3XS;0.250
90;90;"""The Gu"" red shirt XML tag t-shirt (Black) XXS";Clothing;Black;XXS;0.250
91;91;"""The Gu"" red shirt XML tag t-shirt (Black) XS";Clothing;Black;XS;0.250
92;92;"""The Gu"" red shirt XML tag t-shirt (Black) S";Clothing;Black;S;0.300
93;93;"""The Gu"" red shirt XML tag t-shirt (Black) M";Clothing;Black;M;0.350
94;94;"""The Gu"" red shirt XML tag t-shirt (Black) L";Clothing;Black;L;0.350
95;95;"""The Gu"" red shirt XML tag t-shirt (Black) XL";Clothing;Black;XL;0.350
96;96;"""The Gu"" red shirt XML tag t-shirt (Black) XXL";Clothing;Black;XXL;0.400
97;97;"""The Gu"" red shirt XML tag t-shirt (Black) 3XL";Clothing;Black;3XL;0.400
98;98;"""The Gu"" red shirt XML tag t-shirt (Black) 4XL";Clothing;Black;4XL;0.400
99;99;"""The Gu"" red shirt XML tag t-shirt (Black) 5XL";Clothing;Black;5XL;0.400
100;100;"""The Gu"" red shirt XML tag t-shirt (Black) 6XL";Clothing;Black;6XL;0.400
101;101;"""The Gu"" red shirt XML tag t-shirt (Black) 7XL";Clothing;Black;7XL;0.450
102;102;Alien officer hoodie (Black) XL;Clothing;Black;XL;0.400
103;103;Alien officer hoodie (Black) XXL;Clothing;Black;XXL;0.400
104;104;Alien officer hoodie (Black) 3XL;Clothing;Black;3XL;0.400
105;105;Alien officer hoodie (Black) 4XL;Clothing;Black;4XL;0.400
106;106;Alien officer hoodie (Black) 5XL;Clothing;Black;5XL;0.400
107;107;Superhero action jacket (Blue) 3XS;Clothing;Blue;3XS;0.300
108;108;Superhero action jacket (Blue) XXS;Clothing;Blue;XXS;0.300
109;109;Superhero action jacket (Blue) XS;Clothing;Blue;XS;0.300
110;110;Superhero action jacket (Blue) S;Clothing;Blue;S;0.300
111;111;Superhero action jacket (Blue) M;Clothing;Blue;M;0.350
112;112;Superhero action jacket (Blue) L;Clothing;Blue;L;0.350
113;113;Superhero action jacket (Blue) XL;Clothing;Blue;XL;0.350
114;114;Superhero action jacket (Blue) XXL;Clothing;Blue;XXL;0.350
115;115;Superhero action jacket (Blue) 3XL;Clothing;Blue;3XL;0.400
116;116;Superhero action jacket (Blue) 4XL;Clothing;Blue;4XL;0.400
117;117;Superhero action jacket (Blue) 5XL;Clothing;Blue;5XL;0.400
118;118;Dinosaur battery-powered slippers (Green) S;Clothing;Non défini;S;0.350
119;119;Dinosaur battery-powered slippers (Green) M;Clothing;Non défini;M;0.350
120;120;Dinosaur battery-powered slippers (Green) L;Clothing;Non défini;L;0.350
121;121;Dinosaur battery-powered slippers (Green) XL;Clothing;Non défini;XL;0.400
122;122;Ogre battery-powered slippers (Green) S;Clothing;Non défini;S;0.350
123;123;Ogre battery-powered slippers (Green) M;Clothing;Non défini;M;0.350
124;124;Ogre battery-powered slippers (Green) L;Clothing;Non défini;L;0.350
125;125;Ogre battery-powered slippers (Green) XL;Clothing;Non défini;XL;0.400
126;126;Plush shark slippers (Gray) S;Clothing;Steel Gray;S;0.350
127;127;Plush shark slippers (Gray) M;Clothing;Steel Gray;M;0.350
128;128;Plush shark slippers (Gray) L;Clothing;Steel Gray;L;0.350
129;129;Plush shark slippers (Gray) XL;Clothing;Steel Gray;XL;0.400
130;130;Furry gorilla with big eyes slippers (Black) S;Clothing;Black;S;0.350
131;131;Furry gorilla with big eyes slippers (Black) M;Clothing;Black;M;0.350
132;132;Furry gorilla with big eyes slippers (Black) L;Clothing;Black;L;0.350
133;133;Furry gorilla with big eyes slippers (Black) XL;Clothing;Black;XL;0.400
134;134;Animal with big feet slippers (Brown) S;Clothing;Non défini;S;0.350
135;135;Animal with big feet slippers (Brown) M;Clothing;Non défini;M;0.350
136;136;Animal with big feet slippers (Brown) L;Clothing;Non défini;L;0.350
137;137;Animal with big feet slippers (Brown) XL;Clothing;Non défini;XL;0.400
138;138;Furry animal socks (Pink) S;Clothing;Non défini;S;0.100
139;139;Furry animal socks (Pink) M;Clothing;Non défini;M;0.100
140;140;Furry animal socks (Pink) L;Clothing;Non défini;L;0.100
141;141;Furry animal socks (Pink) XL;Clothing;Non défini;XL;0.100
142;142;Halloween zombie mask (Light Brown) S;Novelty Items;Light Brown;S;0.300
143;143;Halloween zombie mask (Light Brown) M;Novelty Items;Light Brown;M;0.300
144;144;Halloween zombie mask (Light Brown) L;Novelty Items;Light Brown;L;0.300
145;145;Halloween zombie mask (Light Brown) XL;Novelty Items;Light Brown;XL;0.300
146;146;Halloween skull mask (Gray) S;Novelty Items;Steel Gray;S;0.300
147;147;Halloween skull mask (Gray) M;Novelty Items;Steel Gray;M;0.300
148;148;Halloween skull mask (Gray) L;Novelty Items;Steel Gray;L;0.300
149;149;Halloween skull mask (Gray) XL;Novelty Items;Steel Gray;XL;0.300
150;150;Pack of 12 action figures (variety);Toys;Non défini;Standard;0.250
151;151;Pack of 12 action figures (male);Toys;Non défini;Standard;0.250
152;152;Pack of 12 action figures (female);Toys;Non défini;Standard;0.250
153;153;Small sized bubblewrap roll 10m;Packaging Materials;Non défini;10m;5.000
154;154;Medium sized bubblewrap roll 20m;Packaging Materials;Non défini;20m;6.000
155;155;Large sized bubblewrap roll 50m;Packaging Materials;Non défini;50m;10.000
156;156;10 mm Double sided bubble wrap 10m;Packaging Materials;Non défini;10m;5.000
157;157;10 mm Double sided bubble wrap 20m;Packaging Materials;Non défini;20m;6.000
158;158;10 mm Double sided bubble wrap 50m;Packaging Materials;Non défini;50m;10.000
159;159;20 mm Double sided bubble wrap 10m;Packaging Materials;Non défini;10m;5.000
160;160;20 mm Double sided bubble wrap 20m;Packaging Materials;Non défini;20m;6.000
161;161;20 mm Double sided bubble wrap 50m;Packaging Materials;Non défini;50m;10.000
162;162;32 mm Double sided bubble wrap 10m;Packaging Materials;Non défini;10m;5.000
163;163;32 mm Double sided bubble wrap 20m;Packaging Materials;Non défini;20m;6.000
164;164;32 mm Double sided bubble wrap 50m;Packaging Materials;Non défini;50m;10.000
165;165;10 mm Anti static bubble wrap (Blue) 10m;Packaging Materials;Blue;10m;5.000
166;166;10 mm Anti static bubble wrap (Blue) 20m;Packaging Materials;Blue;20m;6.000
167;167;10 mm Anti static bubble wrap (Blue) 50m;Packaging Materials;Blue;50m;10.000
168;168;20 mm Anti static bubble wrap (Blue) 10m;Packaging Materials;Blue;10m;5.000
169;169;20 mm Anti static bubble wrap (Blue) 20m;Packaging Materials;Blue;20m;6.000
170;170;20 mm Anti static bubble wrap (Blue) 50m;Packaging Materials;Blue;50m;10.000
171;171;32 mm Anti static bubble wrap (Blue) 10m;Packaging Materials;Blue;10m;5.000
172;172;32 mm Anti static bubble wrap (Blue) 20m;Packaging Materials;Blue;20m;6.000
173;173;32 mm Anti static bubble wrap (Blue) 50m;Packaging Materials;Blue;50m;10.000
174;174;Bubblewrap dispenser (Black) 1.5m;Packaging Materials;Black;1.5m;10.000
175;175;Bubblewrap dispenser (Blue) 1.5m;Packaging Materials;Blue;1.5m;10.000
176;176;Bubblewrap dispenser (Red) 1.5m;Packaging Materials;Red;1.5m;10.000
177;177;Shipping carton (Brown) 413x285x187mm;Packaging Materials;Non défini;413x285x187mm;0.300
178;178;Shipping carton (Brown) 500x310x310mm;Packaging Materials;Non défini;500x310x310mm;0.400
179;179;Shipping carton (Brown) 229x229x229mm;Packaging Materials;Non défini;229x229x229mm;0.300
180;180;Shipping carton (Brown) 279x254x217mm;Packaging Materials;Non défini;279x254x217mm;0.300
181;181;Shipping carton (Brown) 356x229x229mm;Packaging Materials;Non défini;356x229x229mm;0.400
182;182;Shipping carton (Brown) 457x279x279mm;Packaging Materials;Non défini;457x279x279mm;0.400
183;183;Shipping carton (Brown) 480x270x320mm;Packaging Materials;Non défini;480x270x320mm;0.400
184;184;Shipping carton (Brown) 305x305x305mm;Packaging Materials;Non défini;305x305x305mm;0.300
185;185;Shipping carton (Brown) 356x356x279mm;Packaging Materials;Non défini;356x356x279mm;0.300
186;186;Shipping carton (Brown) 457x457x457mm;Packaging Materials;Non défini;457x457x457mm;0.400
187;187;Express post box 5kg (White) 350x280x130mm;Packaging Materials;Non défini;350x280x130mm;0.200
188;188;3 kg Courier post bag (White) 300x190x95mm;Packaging Materials;Non défini;300x190x95mm;0.100
189;189;Clear packaging tape 48mmx75m;Packaging Materials;Non défini;48mmx75m;0.500
190;190;Clear packaging tape 48mmx100m;Packaging Materials;Non défini;48mmx100m;0.700
191;191;Black and orange fragile despatch tape 48mmx75m;Packaging Materials;Non défini;48mmx75m;0.500
192;192;Black and orange fragile despatch tape 48mmx100m;Packaging Materials;Non défini;48mmx100m;0.700
193;193;Black and orange glass with care despatch tape 48mmx75m;Packaging Materials;Non défini;48mmx75m;0.500
194;194;Black and orange glass with care despatch tape  48mmx100m;Packaging Materials;Non défini;48mmx100m;0.700
195;195;Black and orange handle with care despatch tape  48mmx75m;Packaging Materials;Non défini;48mmx75m;0.500
196;196;Black and orange handle with care despatch tape  48mmx100m;Packaging Materials;Non défini;48mmx100m;0.700
197;197;Black and orange this way up despatch tape 48mmx75m;Packaging Materials;Non défini;48mmx75m;0.500
198;198;Black and orange this way up despatch tape  48mmx100m;Packaging Materials;Non défini;48mmx100m;0.700
199;199;Black and yellow heavy despatch tape  48mmx75m;Packaging Materials;Non défini;48mmx75m;0.500
200;200;Black and yellow heavy despatch tape 48mmx100m;Packaging Materials;Non défini;48mmx100m;0.700
201;201;Red and white urgent despatch tape 48mmx75m;Packaging Materials;Non défini;48mmx75m;0.500
202;202;Red and white urgent  heavy despatch tape  48mmx100m;Packaging Materials;Non défini;48mmx100m;0.700
203;203;Tape dispenser (Black);Packaging Materials;Non défini;Standard;1.000
204;204;Tape dispenser (Red);Packaging Materials;Non défini;Standard;1.000
205;205;Tape dispenser (Blue);Packaging Materials;Non défini;Standard;1.000
206;206;Permanent marker black 5mm nib (Black) 5mm;Packaging Materials;Non défini;5mm;0.100
207;207;Permanent marker blue 5mm nib (Blue) 5mm;Packaging Materials;Non défini;5mm;0.100
208;208;Permanent marker red 5mm nib (Red) 5mm;Packaging Materials;Non défini;5mm;0.100
209;209;Packing knife with metal insert blade (Yellow) 9mm;Packaging Materials;Non défini;9mm;0.500
210;210;Packing knife with metal insert blade (Yellow) 18mm;Packaging Materials;Non défini;18mm;0.500
211;211;Small 9mm replacement blades 9mm;Packaging Materials;Non défini;9mm;0.700
212;212;Large  replacement blades 18mm;Packaging Materials;Non défini;18mm;0.800
213;213;Air cushion film 200mmx100mm 325m;Packaging Materials;Non défini;325m;5.000
214;214;Air cushion film 200mmx200mm 325m;Packaging Materials;Non défini;325m;6.000
215;215;Air cushion machine (Blue);Packaging Materials;Non défini;Standard;10.000
216;216;Void fill 100 L bag (White) 100L;Packaging Materials;Non défini;100L;0.250
217;217;Void fill 200 L bag (White) 200L;Packaging Materials;Non défini;200L;0.500
218;218;Void fill 300 L bag (White) 300L;Packaging Materials;Non défini;300L;0.750
219;219;Void fill 400 L bag (White) 400L;Packaging Materials;Non défini;400L;1.000
220;220;Novelty chilli chocolates 250g;Novelty Items;Non défini;250g;0.250
221;221;Novelty chilli chocolates 500g;Novelty Items;Non défini;500g;0.500
222;222;Chocolate beetles 250g;Novelty Items;Non défini;250g;0.250
223;223;Chocolate echidnas 250g;Novelty Items;Non défini;250g;0.250
224;224;Chocolate frogs 250g;Novelty Items;Non défini;250g;0.250
225;225;Chocolate sharks 250g;Novelty Items;Non défini;250g;0.250
226;226;White chocolate snow balls 250g;Novelty Items;Non défini;250g;0.250
227;227;White chocolate moon rocks 250g;Novelty Items;Non défini;250g;0.250
